62007637,162844982,162809070,335.04,5,B,7,30,30,0,0,F,T,0.0,51.4965800/9.3862299/|51.4994700/9.3848799/,,
567329767,162844982,162981512,134.56,5,B,7,0,0,0,0,F,T,0.0,51.4965800/9.3862299/|51.4966899/9.3867100/|51.4968000/9.3873199/|51.4970100/9.3880399/,,
62007648,162877732,162844982,97.01,5,B,7,30,30,0,0,F,T,0.0,51.4962899/9.3849100/|51.4965800/9.3862299/,,
78670326,162877732,163152693,314.84,5,B,7,30,30,0,0,F,T,0.0,51.4962899/9.3849100/|51.4990000/9.3836099/,,
51881672,174713859,174587951,110.17,3,B,6,50,50,2,2,F,T,0.0,53.0643099/8.7903400/45.79|53.0650299/8.7914700/45.74,,0.00/-0.090|110.17/0.062
51881767,174587951,174385294,212.54,3,B,7,50,50,2,2,F,T,0.0,53.0650299/8.7914700/45.74|53.0657462/8.7926443/46.01|53.0663900/8.7937000/46.25,111.93/-0.000026,0.00/0.062|111.93/0.170|212.54/0.081
51881768,174385294,174522149,186.28,3,B,7,50,50,2,2,F,T,0.0,53.0663900/8.7937000/46.25|53.0676300/8.7955700/46.13,,0.00/0.081|186.28/-0.114
51881825,174522149,174535472,140.13,3,B,6,50,50,2,2,F,T,0.0,53.0676300/8.7955700/46.13|53.0685500/8.7970000/45.83,,0.00/-0.114|140.13/-0.120
51881938,174535472,174496573,85.54,3,B,6,50,50,2,2,F,T,0.0,53.0685500/8.7970000/45.83|53.0688210/8.7974567/45.85|53.0690900/8.7979099/46.04,42.93/-0.000346,0.00/-0.120|42.93/0.162|85.54/0.328
811768915,174496573,1831479441,59.45,3,F,6,50,0,2,0,T,T,0.0,53.0690900/8.7979099/46.04|53.0692003/8.7983163/46.1|53.0693100/8.7987200/46.17,29.82/0.001684,0.00/0.228|29.82/0.076|59.45/0.222
811768917,1515374544,1831479441,28.70,5,B,8,0,0,0,0,F,T,0.0,53.0691400/8.7990199/|53.0691599/8.7989200/|53.0692299/8.7987999/|53.0692800/8.7987400/|53.0693100/8.7987200/,,
778526449,1515374544,174321551,33.26,5,B,8,0,0,0,0,F,T,0.0,53.0691400/8.7990199/|53.0694299/8.7991400/,,
811768916,1831479441,174321551,31.10,3,F,6,50,0,2,0,T,T,0.0,53.0693100/8.7987200/46.17|53.0694299/8.7991400/46.3,,0.00/0.222|31.10/0.118
51881935,174346689,174357854,66.96,3,F,6,50,0,2,0,T,T,0.0,53.0695400/8.7993400/46.29|53.0696100/8.7994700/|53.0697899/8.7996499/|53.0700600/8.7998099/46.08,11.68/0.010145|35.05/0.006893,
67948522,174357854,174484683,43.98,3,F,6,50,0,2,0,T,T,0.0,53.0700600/8.7998099/46.08|53.0702499/8.7999399/46.1|53.0704200/8.8000799/46.14,22.86/-0.002985,0.00/0.025|22.86/0.075|43.98/0.194
51883233,174371499,174447167,41.28,3,F,6,50,0,2,0,T,T,0.0,53.0712900/8.8014700/47.92|53.0713863/8.8017389/48.48|53.0714800/8.8020000/49.05,20.94/-0.000691,0.00/1.338|20.94/1.638|41.28/1.499
67948960,174447167,174906740,116.39,3,F,6,50,0,2,0,T,T,0.0,53.0714800/8.8020000/49.05|53.0715800/8.8022600/49.53|53.0718299/8.8029599/50.31|53.0720199/8.8034899/50.55,20.65/-0.000195|75.11/0.001237,0.00/1.500|20.65/1.171|75.11/0.513|116.39/0.165
67948524,174906740,174220122,60.25,3,F,6,50,0,2,0,T,T,0.0,53.0720199/8.8034899/50.55|53.0722100/8.8038400/50.64|53.0724000/8.8041300/50.89,31.55/0.002690,0.00/0.165|31.55/0.247|60.25/0.861
51883237,174220122,174834127,30.18,3,F,6,50,0,2,0,T,T,0.0,53.0724000/8.8041300/50.89|53.0724099/8.8041400/50.91|53.0725300/8.8043300/51.26|53.0725900/8.8044500/51.46,1.30/-0.001071|19.74/-0.002121,0.00/0.859|1.30/0.899|19.74/1.137|30.18/1.017
51883238,174834127,174443114,109.96,3,F,6,50,0,1,0,T,T,0.0,53.0725900/8.8044500/51.46|53.0727640/8.8048092/51.81|53.0730344/8.8053676/51.88|53.0732100/8.8057300/51.63,30.86/-0.001241|78.82/-0.000009,0.00/1.019|30.86/0.356|78.82/-0.185|109.96/-0.755
572204412,174443114,174417653,13.41,3,F,6,50,0,1,0,T,T,0.0,53.0732100/8.8057300/51.63|53.0732900/8.8058800/51.43,,0.00/-0.755|13.41/-0.978
572204413,174417653,174393407,12.70,3,F,6,50,0,1,0,T,T,0.0,53.0732900/8.8058800/51.43|53.0733600/8.8060300/51.18,,0.00/-0.979|12.70/-1.161
51883362,174697388,174393407,66.85,3,T,6,0,50,0,1,F,T,0.0,53.0730500/8.8068800/49.83|53.0732299/8.8064799/50.55|53.0732999/8.8062600/50.86|53.0733600/8.8060300/51.18,33.43/0.005277|50.08/0.005675,0.00/1.379|33.43/1.119|50.08/1.063|66.85/1.054
67948946,174646618,174697388,54.40,3,T,6,0,50,0,1,T,T,0.0,53.0727200/8.8074800/48.68|53.0728835/8.8071825/49.15|53.0729804/8.8070061/49.55|53.0730500/8.8068800/49.83,26.97/-0.000007|42.95/0.001453,0.00/0.575|26.97/1.320|42.95/1.441|54.40/1.379
67948945,174211544,174646618,51.67,3,T,6,0,50,0,1,T,T,0.0,53.0724600/8.8081199/48.71|53.0725906/8.8077982/48.61|53.0726558/8.8076377/48.61|53.0727200/8.8074800/48.68,25.97/-0.001963|38.93/-0.002200,0.00/-0.192|25.97/-0.139|38.93/0.139|51.67/0.575
811593144,1828528105,174430355,305.29,5,B,8,0,0,0,0,F,T,0.0,53.0717800/8.8096400/|53.0718899/8.8093599/|53.0721400/8.8085900/|53.0722100/8.8082600/|53.0726200/8.8073400/|53.0727900/8.8069300/|53.0730699/8.8062700/|53.0731399/8.8062300/|53.0732900/8.8058800/,,
67948530,174362038,174951997,26.08,3,T,6,0,50,0,2,T,T,0.0,53.0719300/8.8098000/49.39|53.0720199/8.8094400/49.07,,0.00/-0.774|26.08/-0.587
51883890,174253872,174349297,60.57,3,T,6,0,50,0,2,T,T,0.0,53.0717199/8.8108900/49.91|53.0717971/8.8105083/49.92|53.0718800/8.8101000/49.67|53.0718899/8.8100300/49.61,26.94/0.000833|55.76/-0.000395,0.00/0.324|26.94/-0.245|55.76/-0.732|60.57/-0.780
51883883,174336687,174228546,65.06,3,T,6,0,50,0,0,F,T,0.0,53.0719899/8.8101100/|53.0721100/8.8105400/|53.0721700/8.8107300/|53.0722700/8.8109600/,,
51883880,174253872,174502603,21.35,3,T,6,0,50,0,0,F,T,0.0,53.0717199/8.8108900/|53.0718100/8.8107900/|53.0718899/8.8107499/,,
51883881,174502603,174489931,6.71,3,T,6,0,50,0,0,T,T,0.0,53.0718899/8.8107499/|53.0719499/8.8107399/,,
51883887,174349297,174502603,48.15,3,F,6,50,0,0,0,F,T,0.0,53.0718899/8.8100300/|53.0718899/8.8102300/|53.0718899/8.8104900/|53.0718899/8.8107499/,,
51867694,174390538,174328106,41.42,2,F,6,50,0,2,0,T,T,0.0,53.0478599/8.8190499/|53.0482100/8.8192600/,,
554728228,174947832,174368311,309.18,2,F,5,60,0,2,0,T,T,0.0,53.0483800/8.8192099/40.36|53.0485499/8.8186499/40.14|53.0486799/8.8181899/40.42|53.0488664/8.8175143/41.55|53.0489700/8.8171399/42.51|53.0490791/8.8167411/43.56|53.0495500/8.8150200/46.17,41.98/0.000132|75.99/0.000165|125.74/0.000109|153.31/0.000078|182.64/-0.000004,0.00/-0.689|41.98/0.116|75.99/0.799|125.74/1.825|153.31/2.081|182.64/1.957|309.18/0.506
554728229,174368311,174409397,103.51,2,F,6,50,0,2,0,T,T,0.0,53.0495500/8.8150200/46.17|53.0499700/8.8136399/46.53,,0.00/0.506|103.51/-0.035
51867645,174409397,174511122,92.19,2,F,6,50,0,2,0,T,T,0.0,53.0499700/8.8136399/46.53|53.0500700/8.8132900/46.51|53.0501899/8.8128900/46.47|53.0502800/8.8126099/46.42|53.0503100/8.8123899/46.38,25.93/0.000331|55.84/0.000461|77.09/0.000476,0.00/-0.035|25.93/-0.063|55.84/-0.104|77.09/-0.140|92.19/-0.168
762732456,1345083671,174587342,20.75,2,B,6,50,50,2,2,F,F,0.0,53.0505800/8.8114800/46.24|53.0506600/8.8111999/46.23,,0.00/-0.115|20.75/0.078
51866678,174610028,174818885,68.41,2,B,6,50,50,2,2,F,F,0.0,53.0508000/8.8107700/46.3|53.0509389/8.8103183/46.27|53.0510799/8.8098599/46.22,33.95/0.000010,0.00/0.056|33.95/-0.113|68.41/-0.006
51866677,174818885,174778935,36.80,2,B,6,50,50,2,2,F,F,0.0,53.0510799/8.8098599/46.22|53.0512300/8.8093699/46.25,,0.00/-0.006|36.80/0.002
799517966,174778935,1707415677,64.92,2,B,6,50,50,2,2,F,F,0.0,53.0512300/8.8093699/46.25|53.0513669/8.8089335/46.21|53.0514999/8.8085099/46.15,32.94/0.000060,0.00/0.002|32.94/-0.121|64.92/-0.048
799517967,1707415677,174804406,59.23,2,B,6,50,50,2,2,F,T,0.0,53.0514999/8.8085099/46.15|53.0516212/8.8081105/46.15|53.0517399/8.8077199/46.17,29.95/0.000066,0.00/-0.048|29.95/0.043|59.23/0.005
51865408,174791630,174316728,86.85,2,B,6,50,50,2,2,F,T,0.0,53.0518299/8.8074299/46.16|53.0520900/8.8065699/46.12|53.0521800/8.8062700/46.12,64.41/-0.000237,0.00/-0.036|64.41/-0.027|86.85/-0.009
762732451,174690594,1345083615,45.38,2,B,6,50,50,2,2,F,T,0.0,53.0527199/8.8046600/46.13|53.0529499/8.8041000/46.12,,0.00/-0.015|45.38/-0.009
762732452,1345083615,174894960,163.80,2,B,6,50,50,2,2,F,T,0.0,53.0529499/8.8041000/46.12|53.0537900/8.8020900/46.21,,0.00/-0.009|163.80/-0.002
51882111,174894960,174823985,76.40,2,B,6,50,50,2,2,F,T,0.0,53.0537900/8.8020900/46.21|53.0542200/8.8012000/46.12,,0.00/-0.002|76.40/-0.141
51882112,174823985,174838189,73.05,2,B,6,50,50,2,2,F,T,0.0,53.0542200/8.8012000/46.12|53.0545687/8.8005577/45.97|53.0546599/8.8003900/45.96,57.92/-0.000209,0.00/-0.141|57.92/-0.078|73.05/0.004
51882046,174883641,174880972,25.60,2,B,6,50,50,2,2,F,T,0.0,53.0548499/8.8000300/46|53.0549318/8.7998716/46|53.0550000/8.7997400/45.99,13.98/-0.000282,0.00/0.067|13.98/-0.022|25.60/-0.182
762732454,1345083649,174310630,40.99,2,B,6,50,50,2,2,F,T,0.0,53.0552000/8.7993899/45.83|53.0552669/8.7992692/45.83|53.0554499/8.7989400/45.93,10.99/-0.000247,0.00/-0.122|10.99/0.104|40.99/0.126
762732447,174310630,1345083563,40.81,2,B,6,50,50,2,2,F,T,0.0,53.0554499/8.7989400/45.93|53.0555772/8.7987293/45.94|53.0557099/8.7985100/45.92,19.98/-0.000126,0.00/0.126|19.98/-0.050|40.81/-0.023
762732448,1345083563,174249402,34.83,2,B,6,50,50,2,2,F,T,0.0,53.0557099/8.7985100/45.92|53.0559300/8.7981399/45.95,,0.00/-0.023|34.83/0.061
762732458,1345083693,784585253,92.53,2,B,6,50,50,2,2,F,T,0.0,53.0561299/8.7977900/45.97|53.0564100/8.7972899/46.04|53.0567100/8.7967999/46.1,45.73/-0.000256,0.00/0.059|45.73/0.090|92.53/0.043
719953785,784585253,712738289,144.44,2,B,6,50,50,2,2,F,T,0.0,53.0567100/8.7967999/46.1|53.0569599/8.7963900/46.11|53.0576600/8.7953300/46.02,39.07/-0.000442,0.00/0.043|39.07/-0.017|144.44/-0.040
716671988,712738289,174530797,240.93,2,B,6,50,50,3,1,F,T,0.0,53.0576600/8.7953300/46.02|53.0582900/8.7944200/46|53.0593000/8.7929800/46.02,92.87/-0.000059,0.00/-0.040|92.87/0.007|240.93/-0.008
762772848,174530797,1345457876,55.19,3,B,6,50,50,1,1,F,T,0.0,53.0593000/8.7929800/46.02|53.0596799/8.7924500/46.02,,0.00/-0.008|55.19/0.007
762772849,1345457876,174668498,206.25,3,B,6,50,50,2,2,F,T,0.0,53.0596799/8.7924500/46.02|53.0610899/8.7904500/46.18,,0.00/0.007|206.25/0.016
51881430,174668498,174904110,127.53,3,B,6,50,50,2,2,F,T,0.0,53.0610899/8.7904500/46.18|53.0616975/8.7895838/46.22|53.0619600/8.7892099/46.33,89.07/-0.000885,0.00/0.016|89.07/0.093|127.53/0.226
51888926,174904110,174408710,121.82,3,F,6,50,0,2,0,T,T,0.0,53.0619600/8.7892099/46.33|53.0620699/8.7891399/46.38|53.0621699/8.7890199/46.45|53.0625004/8.7885691/46.6|53.0626676/8.7883412/46.55|53.0628299/8.7881200/46.41,13.11/-0.000047|26.84/0.001188|74.41/0.000426|98.46/0.000050,0.00/0.226|13.11/0.266|26.84/0.272|74.41/0.018|98.46/-0.270|121.82/-0.653
554739608,174692276,174726418,242.36,2,T,6,0,50,0,2,T,T,0.0,53.0271700/8.8053999/47.21|53.0282879/8.8063229/47.03|53.0291199/8.8070100/46.93,138.94/-0.000067,0.00/-0.144|138.94/-0.040|242.36/-0.099
51867079,174705015,174667043,56.31,2,F,6,50,0,2,0,T,T,0.0,53.0271000/8.8056000/47.54|53.0273286/8.8057738/47.52|53.0275600/8.8059499/47.45,27.98/-0.000192,0.00/0.052|27.98/-0.114|56.31/-0.145
554739611,174667043,174679762,187.60,2,F,6,50,0,2,0,T,T,0.0,53.0275600/8.8059499/47.45|53.0290799/8.8071600/47.12,,0.00/-0.145|187.60/-0.145
554728248,174545064,174660050,64.06,2,F,6,50,0,2,0,T,T,0.0,53.0293400/8.8073699/47.04|53.0295996/8.8075747/47.01|53.0298600/8.8077800/47.09,31.99/-0.000184,0.00/-0.114|31.99/0.030|64.06/0.257
554728249,174660050,174431056,47.41,2,F,6,50,0,1,0,T,T,0.0,53.0298600/8.8077800/47.09|53.0302399/8.8081000/47.42,,0.00/0.257|47.41/0.487
67942291,174431056,174476003,39.65,2,F,6,50,0,1,0,T,T,0.0,53.0302399/8.8081000/47.42|53.0305599/8.8083600/47.76,,0.00/0.487|39.65/0.495
67942292,174476003,174488636,56.21,2,F,6,50,0,1,0,T,T,0.0,53.0305599/8.8083600/47.76|53.0307739/8.8085788/47.98|53.0309899/8.8088000/48.06,27.97/0.000137,0.00/0.495|27.97/0.346|56.21/-0.050
773673189,174422240,1470400591,12.35,2,F,6,50,0,1,0,T,T,0.0,53.0311400/8.8089399/47.96|53.0312400/8.8090200/47.81,,0.00/-0.572|12.35/-0.723
773673190,1470400591,174456651,44.98,2,F,6,50,0,1,0,T,T,0.0,53.0312400/8.8090200/47.81|53.0316099/8.8092900/47.24,,0.00/-0.722|44.98/-0.872
67948818,174456651,174750944,41.20,2,F,6,50,0,1,0,T,T,0.0,53.0316099/8.8092900/47.24|53.0317882/8.8093919/46.9|53.0319600/8.8094900/46.64,20.99/0.002171,0.00/-0.871|20.99/-0.910|41.20/-0.519
67948819,174750944,174738175,89.68,2,F,6,50,0,1,0,T,T,0.0,53.0319600/8.8094900/46.64|53.0321871/8.8095739/46.55|53.0324200/8.8096599/46.6|53.0325832/8.8097044/46.61|53.0327500/8.8097500/46.52,25.90/0.001965|52.45/0.001814|70.86/0.001782,0.00/-0.518|25.90/0.032|52.45/0.125|70.86/-0.086|89.68/-0.529
51867088,174738175,174616854,117.95,2,B,6,50,50,1,1,F,T,0.0,53.0327500/8.8097500/46.52|53.0337300/8.8104199/46.35,,0.00/-0.157|117.95/-0.031
51867089,174616854,174591552,55.79,2,F,6,50,0,1,0,T,T,0.0,53.0337300/8.8104199/46.35|53.0338499/8.8105499/46.3|53.0340500/8.8107000/46.25|53.0341799/8.8107799/46.24,15.94/0.005207|40.37/0.005180,0.00/-0.227|15.94/-0.160|40.37/-0.063|55.79/-0.009
51867577,174591552,174433631,38.70,2,F,6,50,0,1,0,T,T,0.0,53.0341799/8.8107799/46.24|53.0345200/8.8109000/46.25,,
781750240,174433631,1551343796,408.68,2,B,6,50,50,1,1,F,T,0.0,53.0345200/8.8109000/46.25|53.0379400/8.8131200/46.04,,
51867664,174910268,174219543,16.71,2,B,6,50,50,1,1,F,T,0.0,53.0385800/8.8135399/46.1|53.0387200/8.8136299/46.12,,0.00/0.048|16.71/0.032
51867774,174219543,174230804,117.53,2,B,6,50,50,1,1,F,T,0.0,53.0387200/8.8136299/46.12|53.0395539/8.8141438/46.14|53.0397100/8.8142400/46.18,99.00/0.000858,0.00/0.032|99.00/0.081|117.53/0.144
572252438,174230804,174792992,200.09,2,B,6,50,50,1,1,F,T,0.0,53.0397100/8.8142400/46.18|53.0401173/8.8144224/46.35|53.0403799/8.8145400/46.46|53.0408099/8.8147400/46.57|53.0411800/8.8149099/46.58|53.0414400/8.8150499/46.58,46.96/0.000496|77.23/0.000171|126.93/-0.000563|169.67/-0.000944,0.00/0.144|46.96/0.233|77.23/0.194|126.93/0.055|169.67/-0.008|200.09/0.024
572252439,174792992,174672020,85.86,2,B,6,50,50,1,1,F,T,0.0,53.0414400/8.8150499/46.58|53.0417000/8.8152099/46.61|53.0421600/8.8155099/46.68,30.86/-0.000531,0.00/0.024|30.86/0.067|85.86/0.058
51867666,174672020,174684056,112.82,2,B,6,50,50,1,1,F,T,0.0,53.0421600/8.8155099/46.68|53.0426399/8.8157900/46.71|53.0431200/8.8160500/46.75,56.62/0.000545,0.00/0.058|56.62/0.025|112.82/0.058
554728246,174684056,174716347,291.49,2,B,6,50,50,1,1,F,T,0.0,53.0431200/8.8160500/46.75|53.0434400/8.8162100/46.8|53.0440400/8.8165199/46.91|53.0444000/8.8167199/46.96|53.0449600/8.8169499/46.96|53.0451900/8.8170600/46.94|53.0454200/8.8171799/46.92|53.0456200/8.8173300/46.89,37.20/0.000094|107.14/0.000413|149.39/0.000416|213.60/-0.000706|240.24/-0.001151|267.07/-0.001372,0.00/0.058|37.20/0.089|107.14/0.082|149.39/0.039|213.60/-0.029|240.24/-0.046|267.07/-0.056|291.49/-0.059
586525536,174716347,174616927,139.40,2,B,6,50,50,2,1,F,T,0.0,53.0456200/8.8173300/46.89|53.0462199/8.8177500/|53.0467600/8.8181899/46.78,72.46/-0.000773,
51867668,174616927,174369789,37.97,2,F,6,50,0,2,0,T,T,0.0,53.0467600/8.8181899/46.78|53.0470600/8.8184599/46.75,,0.00/-0.019|37.97/-0.127
67948822,174616927,174560285,37.60,2,T,6,0,50,0,1,T,T,0.0,53.0467600/8.8181899/46.78|53.0470900/8.8183100/46.78,,
781750241,1551343796,174910268,76.59,2,B,6,50,50,1,1,F,T,0.0,53.0379400/8.8131200/46.04|53.0385800/8.8135399/46.1,,0.00/0.038|76.59/0.048
67948816,174616854,174580269,54.94,2,T,6,0,50,0,1,T,T,0.0,53.0337300/8.8104199/46.35|53.0338200/8.8104600/46.35|53.0342000/8.8106700/46.32,10.37/0.000186,0.00/-0.031|10.37/-0.029|54.94/-0.070
51867087,174740083,174738175,85.58,2,T,6,0,50,0,2,T,T,0.0,53.0320399/8.8092600/46.96|53.0327500/8.8097500/46.52,,0.00/-0.496|85.58/-0.157
51867096,174931998,174740083,41.38,2,T,6,0,50,0,2,T,T,0.0,53.0317000/8.8090099/47.36|53.0320399/8.8092600/46.96,,0.00/-0.531|41.38/-0.496
773673192,1470400592,174931998,43.69,2,T,6,0,50,0,2,T,T,0.0,53.0313400/8.8087500/47.66|53.0317000/8.8090099/47.36,,0.00/-0.241|43.69/-0.531
51867114,174443852,174570036,47.84,2,T,6,0,50,0,2,T,T,0.0,53.0306899/8.8082700/47.56|53.0310800/8.8085700/47.72,,0.00/0.344|47.84/0.018
67942290,174624806,174443852,49.41,2,T,6,0,50,0,2,T,T,0.0,53.0302900/8.8079499/47.22|53.0306899/8.8082700/47.56,,0.00/0.389|49.41/0.344
67942289,174736167,174624806,129.71,2,T,6,0,50,0,2,T,T,0.0,53.0292400/8.8071100/46.9|53.0302900/8.8079499/47.22,,0.00/-0.087|129.71/0.389
51867040,174692276,174512815,306.72,3,B,6,50,50,1,1,F,T,0.0,53.0271700/8.8053999/|53.0283500/8.8012599/,,
51868077,174442764,174512815,75.85,5,B,6,50,50,0,0,F,T,0.0,53.0277300/8.8007900/|53.0283500/8.8012599/,,
737855398,1534396152,174568546,170.18,2,F,5,60,0,2,0,F,T,0.0,53.0687699/8.7792100/|53.0688500/8.7788999/|53.0691200/8.7781300/|53.0692100/8.7776000/|53.0692599/8.7768399/,,
711674448,174568546,678099816,81.61,2,F,5,60,0,2,0,F,T,0.0,53.0692599/8.7768399/|53.0692699/8.7756199/,,
711674449,674407731,678099816,81.69,2,T,5,0,60,0,1,F,T,0.0,53.0692599/8.7744000/|53.0692800/8.7749100/|53.0692699/8.7756199/,,
586532947,174485899,174308009,91.06,2,T,6,0,40,0,1,F,T,0.0,53.0686800/8.7731700/|53.0688099/8.7732500/|53.0689800/8.7734499/|53.0690500/8.7735599/|53.0691200/8.7737100/|53.0691800/8.7739099/|53.0692200/8.7741099/,,
711554065,674407371,174485899,117.92,2,B,6,40,40,1,1,F,T,0.0,53.0679899/8.7740499/|53.0680000/8.7738600/|53.0680300/8.7736700/|53.0680700/8.7734899/|53.0681400/8.7733000/|53.0682199/8.7732000/|53.0683000/8.7731299/|53.0684600/8.7730899/|53.0685600/8.7731200/|53.0686800/8.7731700/,,
711554064,174502039,674407371,108.78,2,T,6,0,40,0,1,F,T,0.0,53.0679400/8.7756400/|53.0680100/8.7752800/|53.0680499/8.7749800/|53.0680600/8.7747500/|53.0680400/8.7744799/|53.0679899/8.7740499/,,
586532907,174659261,174502039,227.83,2,T,4,0,80,0,2,T,T,0.0,53.0661700/8.7773500/|53.0679400/8.7756400/,,
586532906,174557688,174457337,166.58,2,T,4,0,80,0,2,T,T,0.0,53.0647800/8.7787399/|53.0660600/8.7774500/,,
802190376,174254779,1739457389,91.23,2,T,4,0,80,0,2,T,T,0.0,53.0636600/8.7805700/|53.0642300/8.7795899/,,
810595985,174277799,174254779,432.89,2,T,4,0,80,0,2,T,T,0.0,53.0607999/8.7849499/|53.0616700/8.7837400/|53.0617300/8.7836500/|53.0636600/8.7805700/,,
711554056,674407367,174249411,183.30,2,T,4,0,80,0,2,T,T,0.0,53.0593400/8.7866300/|53.0607100/8.7851099/,,
711554055,174714188,674407367,253.44,2,T,5,0,50,0,2,T,T,0.0,53.0576099/8.7890900/|53.0582900/8.7880500/|53.0593400/8.7866300/,,
711651042,674407369,677834294,52.33,2,T,5,0,50,0,2,T,T,0.0,53.0571899/8.7897800/|53.0575300/8.7892399/,,
711554060,174763417,674407369,142.53,2,T,5,0,50,0,2,T,T,0.0,53.0563800/8.7914300/|53.0571899/8.7897800/,,
711546382,674354134,174763417,63.82,2,T,5,0,50,0,2,T,T,0.0,53.0560500/8.7922100/|53.0563800/8.7914300/,,
711546381,174632882,674354134,152.78,2,T,5,0,50,0,2,T,T,0.0,53.0554099/8.7942299/|53.0560500/8.7922100/,,
781638039,1548866071,174632882,263.56,2,T,5,0,50,0,2,T,T,0.0,53.0546800/8.7979699/|53.0548499/8.7968299/|53.0550400/8.7958500/|53.0552600/8.7947800/|53.0554099/8.7942299/,,
766663327,1377773048,174277692,59.95,5,F,7,0,0,0,0,F,T,0.0,53.0546400/8.7973700/|53.0546599/8.7976700/|53.0546199/8.7981200/|53.0546500/8.7982500/,,
779127178,1524692394,174320574,29.60,2,F,5,50,0,0,0,F,T,0.0,53.0546599/8.7986800/|53.0547599/8.7990899/,,
572248796,174320574,174880972,51.26,2,F,5,50,0,0,0,F,T,0.0,53.0547599/8.7990899/|53.0548800/8.7994799/|53.0550000/8.7997400/,,
51882109,174316728,174690594,123.36,2,B,6,50,50,2,2,F,T,0.0,53.0521800/8.8062700/46.12|53.0527199/8.8046600/46.13,,0.00/-0.009|123.36/-0.015
762732455,174434030,1345083671,17.25,2,B,6,50,50,2,2,F,F,0.0,53.0505100/8.8117100/46.28|53.0505800/8.8114800/46.24,,0.00/-0.114|17.25/-0.115
586525586,174332810,174511122,46.61,2,T,6,0,50,0,2,T,T,0.0,53.0500800/8.8129600/46.58|53.0501599/8.8127099/46.52|53.0502100/8.8125400/46.45|53.0503100/8.8123899/46.38,18.95/-0.006338|31.62/-0.016482,0.00/-0.104|18.95/-0.273|31.62/-0.301|46.61/-0.231
586525585,174348486,174332810,40.29,2,T,6,0,50,0,2,T,T,0.0,53.0499200/8.8134999/46.55|53.0500200/8.8131500/|53.0500800/8.8129600/46.58,25.93/0.000065,
51867758,174661875,174348486,210.64,2,T,6,0,998,0,2,F,T,0.0,53.0490399/8.8162700/46.26|53.0491699/8.8157500/|53.0494099/8.8148900/|53.0495600/8.8144199/|53.0496900/8.8139800/|53.0499200/8.8134999/46.55,37.69/-0.000088|101.14/-0.000986|136.75/-0.001891|169.56/-0.002678,
51867717,174435455,174661875,86.01,2,T,6,0,998,0,2,F,T,0.0,53.0487199/8.8174399/46.37|53.0490399/8.8162700/46.26,,0.00/-0.124|86.01/-0.004
586525704,174457878,174448186,43.92,2,T,6,0,998,0,2,F,T,0.0,53.0484700/8.8183500/46.55|53.0485862/8.8179137/46.47|53.0486300/8.8177500/46.43,31.93/0.000184,0.00/-0.055|31.93/-0.198|43.92/-0.176
51867684,174470599,174457878,20.75,2,T,6,0,998,0,2,F,T,0.0,53.0483899/8.8186300/46.54|53.0484700/8.8183500/46.55,,0.00/0.096|20.75/-0.055
724991084,917961203,174470599,24.01,2,T,6,0,998,0,2,F,T,0.0,53.0482000/8.8188000/46.6|53.0483000/8.8187100/46.55|53.0483899/8.8186300/46.54,12.66/0.004588,0.00/-0.240|12.66/-0.132|24.01/-0.021
724991083,174425540,917961203,29.66,2,T,6,0,998,0,2,F,T,0.0,53.0479400/8.8188899/46.75|53.0480500/8.8188700/46.68|53.0482000/8.8188000/46.6,12.31/0.013248,0.00/-0.279|12.31/-0.311|29.66/-0.239
51885324,174263403,174687497,132.79,5,B,7,30,30,0,0,F,T,0.0,53.0971999/8.7871900/|53.0972800/8.7875300/|53.0977499/8.7889499/,,
51885293,174698680,174687497,53.57,3,T,6,0,50,0,0,T,T,0.0,53.0973200/8.7893099/|53.0977499/8.7889499/,,
51885471,174851121,174698680,51.60,3,T,6,0,50,0,0,T,T,0.0,53.0969200/8.7896999/|53.0973200/8.7893099/,,
67948474,174867706,174254495,83.45,3,T,6,0,50,0,0,T,T,0.0,53.0960300/8.7904299/|53.0966999/8.7898699/,,
51885473,174217944,174867706,113.11,3,T,6,0,50,0,0,T,T,0.0,53.0951200/8.7911799/|53.0956700/8.7907599/|53.0960300/8.7904299/,,
51885478,174192391,174217944,25.02,3,T,6,0,50,0,0,T,T,0.0,53.0949299/8.7913799/|53.0951200/8.7911799/,,
51885497,174344601,174943353,54.57,3,T,6,0,50,0,0,T,T,0.0,53.0941900/8.7919800/|53.0946300/8.7916200/,,
51885498,174358817,174344601,32.17,3,T,6,0,50,0,0,T,T,0.0,53.0939300/8.7921900/|53.0941900/8.7919800/,,
67948481,174755917,174743172,67.39,3,T,6,0,50,0,0,T,T,0.0,53.0931899/8.7928000/|53.0935000/8.7925800/|53.0937400/8.7923800/,,
67948482,174669837,174755917,48.11,3,T,6,0,50,0,0,T,T,0.0,53.0927999/8.7931100/|53.0931899/8.7928000/,,
51885482,174682545,174669837,31.16,3,T,6,0,50,0,0,T,T,0.0,53.0925500/8.7933199/|53.0927999/8.7931100/,,
51933267,174543438,174682545,70.54,3,T,6,0,50,0,0,F,T,0.0,53.0919900/8.7938099/|53.0923800/8.7935000/|53.0925500/8.7933199/,,
51885534,174454228,174530731,249.66,3,T,6,0,50,0,0,F,T,0.0,53.0898099/8.7956399/45.16|53.0918099/8.7939500/44.86,,0.00/-0.069|249.66/-0.099
51883586,174723016,174454228,285.21,3,T,6,0,60,0,0,F,T,0.0,53.0874499/8.7972199/50.06|53.0877099/8.7971499/49.63|53.0879300/8.7970100/48.87|53.0880699/8.7968500/48.16|53.0883314/8.7965983/46.79|53.0885999/8.7963399/45.64|53.0888334/8.7962108/45.15|53.0890700/8.7960800/44.98|53.0893503/8.7959046/45.01|53.0896300/8.7957300/45.12|53.0898099/8.7956399/45.16,29.32/0.008900|55.54/0.005649|74.44/0.001393|108.05/-0.001805|142.58/-0.005216|169.97/-0.001679|197.71/0.001807|231.04/0.000002|264.29/-0.001812,0.00/-0.341|29.32/-1.299|55.54/-2.001|74.44/-2.280|108.05/-2.244|142.58/-1.450|169.97/-0.641|197.71/-0.125|231.04/0.170|264.29/0.177|285.21/0.068
51883509,174808181,174723016,228.52,2,T,5,0,60,0,2,T,T,0.0,53.0857099/8.7955000/54.1|53.0863999/8.7963999/51.82|53.0865778/8.7966096/51.22|53.0866800/8.7967299/50.92|53.0867700/8.7968200/50.71|53.0869199/8.7969599/50.44|53.0871000/8.7971000/50.24|53.0873000/8.7971800/50.12|53.0874499/8.7972199/50.06,97.57/0.000427|121.83/0.001221|135.76/0.001674|147.45/0.003482|166.59/0.005846|188.71/0.008493|211.61/0.001103,0.00/-1.365|97.57/-1.417|121.83/-1.342|135.76/-1.150|147.45/-0.942|166.59/-0.654|188.71/-0.409|211.61/-0.217|228.52/-0.121
51883510,174642441,174808181,124.39,2,T,5,0,60,0,2,T,T,0.0,53.0848800/8.7942600/57.23|53.0851400/8.7945800/56.32|53.0854700/8.7950899/55.04|53.0857099/8.7955000/54.1,35.99/-0.004835|86.11/0.001114,0.00/-1.437|35.99/-1.468|86.11/-1.435|124.39/-1.366
723434427,853087335,174642441,84.69,2,T,5,0,60,0,2,T,T,0.0,53.0842500/8.7935499/59.06|53.0846800/8.7940399/57.89|53.0848800/8.7942600/57.23,58.01/0.000453,0.00/-0.883|58.01/-1.357|84.69/-1.438
723434426,174189181,853087335,66.99,2,T,5,0,60,0,2,T,T,0.0,53.0837200/8.7930799/59.44|53.0838699/8.7931899/59.46|53.0840200/8.7933099/59.4|53.0842500/8.7935499/59.06,18.24/-0.002002|36.77/-0.002714,0.00/0.125|18.24/-0.029|36.77/-0.365|66.99/-0.882
711674430,174291169,174189181,121.56,2,T,5,0,60,0,2,T,T,0.0,53.0827199/8.7923500/57.7|53.0828300/8.7924299/58.05|53.0837200/8.7930799/59.44,13.37/0.000207,0.00/1.614|13.37/1.409|121.56/0.125
586532797,174433662,174291169,183.78,2,T,5,0,60,0,2,T,T,0.0,53.0812099/8.7912400/53.54|53.0813654/8.7913565/53.52|53.0815129/8.7914670/53.56|53.0819631/8.7918047/54.6|53.0822496/8.7920196/55.8|53.0825299/8.7922299/57|53.0827199/8.7923500/57.7,18.98/0.000031|36.98/0.000046|91.95/0.000094|126.94/0.000124|161.16/0.000153,0.00/-0.113|18.98/0.020|36.98/0.314|91.95/1.796|126.94/2.045|161.16/1.908|183.78/1.613
554749725,174344407,174408260,85.61,2,T,5,0,60,0,2,T,T,0.0,53.0801299/8.7904299/53.47|53.0804815/8.7906960/53.57|53.0808300/8.7909600/53.58,42.99/0.000036,0.00/0.287|42.99/0.018|85.61/0.055
554749724,174546642,174344407,95.36,2,T,5,0,60,0,2,T,T,0.0,53.0793500/8.7898399/52.52|53.0797424/8.7901367/53.08|53.0801299/8.7904299/53.47,47.98/-0.000041,0.00/0.681|47.98/0.619|95.36/0.287
51883141,174764361,174546642,45.25,2,T,5,0,60,0,2,T,T,0.0,53.0789799/8.7895600/52.03|53.0793500/8.7898399/52.52,,0.00/0.517|45.25/0.681
762783421,1345557668,174764361,116.13,2,T,5,0,60,0,2,T,T,0.0,53.0780200/8.7888799/51.84|53.0784992/8.7892195/51.75|53.0789799/8.7895600/52.03,57.98/-0.000220,0.00/-0.229|57.98/0.066|116.13/0.517
762783420,174890740,1345557668,179.65,2,T,5,0,60,0,2,T,T,0.0,53.0765199/8.7878900/52.42|53.0769300/8.7881599/52.32|53.0778400/8.7887499/51.93|53.0780200/8.7888799/51.84,49.09/0.000030|157.81/-0.000248,0.00/-0.069|49.09/-0.155|157.81/-0.233|179.65/-0.230
67948599,174730958,174890740,235.90,2,T,5,0,60,0,2,T,T,0.0,53.0745700/8.7865100/51.86|53.0758200/8.7874200/52.42|53.0765199/8.7878900/52.42,151.88/0.000249,0.00/0.479|151.88/0.049|235.90/-0.069
67948598,174430753,174730958,314.48,2,T,5,0,60,0,2,T,T,0.0,53.0720899/8.7842700/46.41|53.0724218/8.7846215/47.18|53.0726410/8.7848539/47.85|53.0727600/8.7849799/48.22|53.0732500/8.7854399/49.54|53.0735699/8.7856999/50.25|53.0744799/8.7864400/51.76|53.0745700/8.7865100/51.86,43.79/0.001387|72.72/0.001176|88.42/0.001062|151.04/0.000574|190.67/0.000335|303.42/0.000214,0.00/0.682|43.79/1.257|72.72/1.364|88.42/1.331|151.04/1.095|190.67/0.968|303.42/0.535|314.48/0.479
51869460,174325649,174267398,109.44,3,T,6,0,50,0,0,F,T,0.0,53.0502899/8.8841000/51.91|53.0504422/8.8840798/51.9|53.0508902/8.8840202/51.23|53.0512699/8.8839700/50.09,17.00/-0.000837|67.03/-0.000888,0.00/0.056|17.00/-0.151|67.03/-1.302|109.44/-1.688
51869456,174356457,174887599,296.69,3,F,5,70,0,0,0,F,T,0.0,53.0503299/8.8853899/52.79|53.0507916/8.8852093/52.53|53.0512500/8.8850299/51.51|53.0514756/8.8849034/50.68|53.0517056/8.8847748/49.78|53.0519098/8.8846604/49.11|53.0522500/8.8844699/48.64|53.0523923/8.8843781/48.66|53.0525515/8.8842754/48.73|53.0528700/8.8840699/48.88,52.80/0.001495|105.22/0.000698|131.73/0.000625|158.73/0.000550|182.72/0.000483|222.67/0.000370|239.66/0.000403|258.66/0.000441,0.00/0.059|52.80/-0.661|105.22/-1.606|131.73/-1.929|158.73/-1.812|182.72/-1.330|222.67/-0.058|239.66/0.145|258.66/0.259|296.69/0.125
572245497,174854389,174892505,254.64,2,F,6,50,0,2,0,T,T,0.0,53.0607200/8.8795499/47.1|53.0608299/8.8792400/|53.0612800/8.8780100/|53.0619300/8.8763200/47.61,24.08/0.000531|120.41/-0.000579,
51888877,174892505,174687490,50.46,2,F,6,50,0,2,0,T,T,0.0,53.0619300/8.8763200/47.61|53.0621600/8.8756699/47.7,,0.00/0.093|50.46/0.059
51872134,174687490,174576420,64.91,2,F,6,50,0,2,0,T,T,0.0,53.0621600/8.8756699/47.7|53.0624299/8.8748100/47.68,,0.00/0.059|64.91/-0.051
83733403,174576420,174856105,176.03,2,F,6,50,0,2,0,T,T,0.0,53.0624299/8.8748100/47.68|53.0632400/8.8725499/47.63,,0.00/-0.051|176.03/0.021
726159762,174594153,924031755,28.67,2,F,6,50,0,2,0,T,T,0.0,53.0638400/8.8708799/47.72|53.0639700/8.8705100/47.74,,0.00/0.049|28.67/0.034
726159763,924031755,174424194,68.81,2,F,6,50,0,2,0,T,T,0.0,53.0639700/8.8705100/47.74|53.0641409/8.8700189/47.78|53.0642799/8.8696200/47.91,37.97/0.001094,0.00/0.034|37.97/0.121|68.81/0.376
51888873,174424194,174664454,78.61,3,F,6,50,0,2,0,T,T,0.0,53.0642799/8.8696200/|53.0646399/8.8700599/|53.0648699/8.8702599/,,
726159764,174664454,924031756,16.97,3,F,6,50,0,2,0,T,T,0.0,53.0648699/8.8702599/|53.0650100/8.8703599/,,
781554862,1548257252,174683484,128.90,3,F,6,50,0,2,0,T,T,0.0,53.0655599/8.8707799/|53.0659700/8.8711399/|53.0664399/8.8715299/|53.0665900/8.8716600/,,
51872092,174683484,174873966,88.66,3,F,6,50,0,1,0,T,T,0.0,53.0665900/8.8716600/|53.0669500/8.8720500/|53.0671100/8.8722100/|53.0671800/8.8722800/|53.0672400/8.8724100/,,
51872100,174691587,174888066,97.31,3,T,6,0,50,0,2,T,T,0.0,53.0666099/8.8714999/|53.0671500/8.8719400/|53.0672999/8.8720700/|53.0673800/8.8721800/,,
797897590,174697848,1693806689,73.58,3,F,6,50,0,0,0,T,T,0.0,53.0676499/8.8720100/|53.0680300/8.8711099/,,
797897591,1693806689,174797199,25.84,3,F,6,50,0,0,0,T,T,0.0,53.0680300/8.8711099/|53.0681900/8.8708300/,,
51872116,174797199,174734758,246.42,3,F,6,50,0,0,0,T,T,0.0,53.0681900/8.8708300/|53.0696000/8.8679899/,,
51872117,174734758,174888762,151.72,3,F,6,50,0,0,0,T,T,0.0,53.0696000/8.8679899/|53.0702199/8.8666900/|53.0704000/8.8661600/,,
51888868,174888762,174264556,137.06,3,F,6,50,0,0,0,T,T,0.0,53.0704000/8.8661600/|53.0710099/8.8643799/,,
51872166,174264556,174788876,41.30,3,F,6,50,0,0,0,T,T,0.0,53.0710099/8.8643799/|53.0711900/8.8638400/,,
51872238,174213829,174915622,70.33,3,F,6,50,0,0,0,T,T,0.0,53.0713699/8.8633599/|53.0714999/8.8627200/|53.0715400/8.8623499/,,
51873076,174915622,174655017,297.49,3,B,6,50,50,0,0,F,T,0.0,53.0715400/8.8623499/|53.0724700/8.8581799/,,
51873075,174655017,174307522,85.86,3,B,6,50,50,0,0,F,T,0.0,53.0724700/8.8581799/|53.0726700/8.8569400/,,
811152825,174314179,1821761114,120.93,3,B,6,50,50,0,0,F,T,0.0,53.0728000/8.8563300/|53.0731699/8.8546299/,,
811152826,1821761114,174518449,153.27,3,B,6,50,50,0,0,F,T,0.0,53.0731699/8.8546299/|53.0736299/8.8524699/,,
51872540,174808733,174788876,10.72,4,B,6,50,50,0,0,F,T,0.0,53.0711200/8.8637299/|53.0711900/8.8638400/,,
51872536,174901795,174808733,180.69,3,T,6,0,50,0,0,T,T,0.0,53.0703300/8.8660899/|53.0711200/8.8637299/,,
51888869,174901795,174888762,9.09,5,T,6,0,50,0,0,F,T,0.0,53.0703300/8.8660899/|53.0704000/8.8661600/,,
67948713,174742469,174901795,150.24,3,T,6,0,50,0,0,T,T,0.0,53.0695200/8.8678800/|53.0701499/8.8666000/|53.0703300/8.8660899/,,
67948714,174613315,174742469,245.34,3,T,6,0,50,0,0,T,T,0.0,53.0681400/8.8707400/|53.0695200/8.8678800/,,
797897592,174899238,1693806690,76.29,3,T,6,0,50,0,0,T,T,0.0,53.0675000/8.8718999/|53.0678899/8.8711399/|53.0679499/8.8710399/,,
797897577,174697848,1693806632,24.35,5,B,6,50,50,0,0,F,T,0.0,53.0676499/8.8720100/|53.0677400/8.8720899/|53.0678400/8.8721899/,,
51872093,174873966,174888066,21.90,3,T,6,0,50,0,0,T,T,0.0,53.0672400/8.8724100/|53.0673800/8.8721800/,,
726159767,924031757,174691587,193.46,3,T,6,0,50,0,2,T,T,0.0,53.0650500/8.8702299/|53.0651200/8.8702700/|53.0652299/8.8703400/|53.0656000/8.8706400/|53.0666099/8.8714999/,,
726159766,174583039,924031757,15.67,3,T,6,0,50,0,2,T,T,0.0,53.0649200/8.8701400/|53.0650500/8.8702299/,,
67948719,174409981,174583039,81.55,3,T,6,0,50,0,2,T,T,0.0,53.0643200/8.8694500/|53.0646699/8.8699200/|53.0649200/8.8701400/,,
572245506,174602419,174529150,59.06,2,T,6,0,50,0,2,T,T,0.0,53.0639499/8.8702800/48.33|53.0642200/8.8695200/48.31,,0.00/0.006|59.06/-0.046
572245505,174771564,174602419,172.59,2,T,6,0,50,0,2,T,T,0.0,53.0631599/8.8725000/48.1|53.0639499/8.8702800/48.33,,0.00/0.115|172.59/0.006
572245502,174674765,174771564,240.27,2,T,6,0,50,0,2,T,T,0.0,53.0620600/8.8755900/47.68|53.0623600/8.8747100/47.69|53.0631599/8.8725000/48.1,67.68/-0.000303,0.00/-0.026|67.68/0.090|240.27/0.115
572245501,174842964,174674765,317.19,2,T,6,0,50,0,2,T,T,0.0,53.0605699/8.8796300/46.98|53.0607800/8.8791199/47.01|53.0611532/8.8781040/47.34|53.0618200/8.8762899/47.69|53.0620600/8.8755900/47.68,41.36/0.000437|121.02/0.000263|263.28/-0.000058,0.00/-0.067|41.36/0.143|121.02/0.276|263.28/0.010|317.19/-0.026
67948729,174784001,174842964,68.59,2,T,6,0,50,0,2,T,T,0.0,53.0601399/8.8803599/47.95|53.0602699/8.8801800/47.47|53.0603999/8.8799699/47.13|53.0605699/8.8796300/46.98,18.83/0.004517|39.00/0.003994,0.00/-1.608|18.83/-1.265|39.00/-0.656|68.59/-0.067
51872180,174688453,174723136,511.92,5,B,6,50,50,0,0,F,T,0.0,53.0694700/8.8732600/|53.0703700/8.8716999/|53.0711999/8.8701500/|53.0721300/8.8680599/|53.0723799/8.8673600/,,
51872181,174688453,174254946,602.13,5,B,6,50,50,0,0,F,T,0.0,53.0694700/8.8732600/|53.0699000/8.8739900/|53.0700499/8.8739400/|53.0707799/8.8728100/|53.0715999/8.8713000/|53.0723199/8.8697100/|53.0729699/8.8679800/,,
51873431,174950143,174236570,96.96,5,B,7,50,50,0,0,F,T,0.0,53.0843599/8.8738399/|53.0843699/8.8752900/,,
51873430,174950143,174758251,53.53,3,F,6,50,0,0,0,T,T,0.0,53.0843599/8.8738399/|53.0847800/8.8734500/,,
67948653,174849258,174748484,132.06,3,T,6,0,50,0,0,T,T,0.0,53.0832300/8.8745299/|53.0842599/8.8735500/,,
67948656,174514988,174849258,59.17,3,T,6,0,50,0,0,T,T,0.0,53.0827499/8.8749100/|53.0832300/8.8745299/,,
67948655,174328911,174514988,37.35,3,T,6,0,50,0,0,T,T,0.0,53.0824500/8.8751600/|53.0827499/8.8749100/,,
51873300,174552838,174316279,134.92,3,T,6,0,50,0,0,T,T,0.0,53.0810799/8.8765500/|53.0820999/8.8754600/,,
